-3.68263266977429,0.243859235185513
-5.74170747292258,1.09655649619037
-2.58702730527431,0.626507594564947
-4.78237875926799,-0.980056180629512
-4.35062176413198,0.567567485936576
-2.59365488725749,0.660634694790231
-3.00184398672055,0.568213765957753
-4.53017706470881,0.936239015242982
-4.24246086311621,-0.961055031135044
-2.58487872202133,0.666315559413051
-2.92559290557946,0.638011780051645
-2.65565521343349,0.695296240622502
-2.72871581441852,0.856298141190309
-4.82635406381112,-1.10878132000493
-3.01289185163928,0.183928389938283
-3.03109902763639,0.175231346563225
-2.95730408410523,0.090098067805815
-4.31762293171856,0.580823575279894
-3.64272075499604,0.234443959698532
-5.60057873008216,-0.323990214253998
-2.08472175271081,0.772787295177812
-4.32366214941823,0.55861901636204
-4.60233189788872,-0.0878912694649315
-4.26202620478571,-0.897322637867888
-2.04682848235468,0.780452441447597
-4.57399731302643,0.650656230281198
-4.50977641553425,0.972376352350041
-4.50694806625347,-0.645328979249078
-4.57740418652517,-0.283951756256428
-3.02426271804597,0.124288602635657
-4.511655207585,0.812876843496178
-4.28731511721544,-0.973368083421679
-2.46207582028302,1.53308386395925
-4.24792822098413,-0.9082756593331
-5.72901546180955,1.05182047273534
-3.9346612894328,0.298141078525759
-4.53613317575942,1.0544811673408
-4.2883547420102,-0.961007446526249
-6.75092738813268,-1.13091050016308
-2.66582347137799,0.650592836465882
-4.55880403623722,-0.648720149748412
-2.08226099389987,0.76225475496767
-2.35278926378532,1.61276272221923
-2.9875978738556,0.590537343543553
-5.67707474487221,1.07315771604821
-3.01347910941029,0.139598890461066
-2.58707043999946,0.681601475612361
-6.10551791791071,-0.556593588662215
-4.00628276615749,0.278413544281479
-4.84671721369993,-1.04127051619897
-3.01761002671263,0.104690795850487
-2.9877017220273,0.583821196486792
-2.0786058778125,0.792116307389189
-2.04415422699332,0.780089684096882
-2.31980586979531,1.53687684851984
-4.90758443989013,-0.985865743983259
-5.6032342364943,-0.352522230586625
-4.39714800473681,0.148887316819683
-2.98893914535477,0.123268278726923
-6.76821768054298,-1.111240113885
-2.8519214085124,1.3416403177418
-5.73666201618428,0.979389606320272
-2.67397079873404,0.661074033863726
-2.10323796071358,0.833013432645123
-4.30070642234327,-0.910901990158695
-2.96053766665913,0.607810920210952
-4.36195421335344,0.557477696382138
-2.45522388407673,1.59621841496209
-4.52807139188885,0.960055063851187
-1.99515214404104,0.762756723846553
-4.5136526118045,-0.702921427644304
-2.56623438085755,0.606105597921616
-2.58651209823284,0.665159505439679
-3.64539028416614,0.269959374876519
-6.8014892267402,-1.12952719912008
-3.17859933833057,0.473885485164323
-5.14435040702394,0.85884546835457
-6.70294154917944,-0.849409193084196
-2.0738337463067,0.764181196783238
-2.08478414034322,0.792301931839263
-2.92315703323746,0.649640235814029
-3.34954283086334,0.445482105238234
-4.19916851569212,0.274535397813981
-4.2311919073571,0.278335331375995
-2.86119127704189,1.41944432018251
-1.9835303963892,0.837241999583618
-4.27128474152746,-0.867646087579473
-4.26396550646115,-0.923611602521508
-2.57859519838979,0.866407449306154
-2.07787357283134,0.760419299079625
-4.68964934043142,-0.0250179622079625
-5.69904069494569,1.04312652798839
-4.50447693776068,-0.447465953508219
-3.65710094546892,0.242899872545883
-6.10432944380016,-0.650056544332097
-2.15312144056452,0.845693946519463
-2.85233644847238,1.3931223543386
-2.44452118581699,1.54009999639353
-3.63341395986383,0.257936770975504
-3.06228492102692,0.0771541567476989
-4.2929615469769,0.331819301878391
-2.98850945262273,0.107796870068474
-2.98720136649013,0.123778080984562
-4.8542564798604,-1.09121342786117
-2.66839627714197,0.662275906788608
-5.51018985811672,-0.272701386478133
-4.62194678428766,0.000893712603254215
-3.00520356836921,0.151242463263866
-4.84257819159925,-1.07902390247289
-4.56341334615332,-0.452595516800145
-5.7667804209273,1.05957689818849
-4.31115105774124,-0.940722202506145
-4.54332599896545,0.979646310058508
-2.64238997564008,0.634947934283358
-3.03501226346508,0.200043206992514
-3.07043003862007,0.545635565267617
-3.02701871303866,0.143752553772969
-4.80373308997304,-1.26398273667116
-4.90488094283733,-1.12601125709141
-4.86227898937037,-1.0477579523643
-4.09977752784669,0.272021520146447
-3.0849207151801,0.276148456516858
-2.03739516913313,0.748911105730372
-4.41635273626265,0.115075063591013
-4.34117725674356,0.241279132108846
-5.53269223591053,0.961064416783826
-5.71447336982341,1.00802468806188
-3.91578350382694,0.26471459160541
-4.74908382107801,-1.0432975098785
-2.07926490636123,0.852032985420607
-2.98591460424759,0.132215460514573
-3.039947307756,0.0890334779693732
-3.02414426052834,0.135049493478612
-5.22259507246299,0.879331435221311
-5.20155685046204,-0.16019413627885
-3.32291579426625,0.440886810739438
-5.49086318094879,-0.26734219961035
-2.50812128167065,1.535362432473
-3.64535951421087,0.219539128544451
-2.03956820677128,0.812014761589644
-4.62139881058708,1.07133276637898
-2.15037887078699,0.859388050836362
-4.48858648102297,1.05932797857247
-2.67984333612648,0.682852488356932
-4.27589853529771,-0.920618743865562
-5.03202919288174,-0.123187120075288
-4.76286484744691,-0.976670841637518
-4.57889519902141,-0.192684088446118
-4.54419041829174,1.00064677409613
-3.02365070438597,0.190358372454195
-6.08291943919221,-0.576414458806477
-4.86228895767902,-1.18211943368773
-2.96808056278618,1.45097458413757
-6.56148414623998,-0.845050986523895
-3.6576421672159,0.265055021370236
-2.79479429104728,1.27212497417576
-2.49424048512329,1.51609149201069
-3.02740860743031,0.156282761209723
-4.50177292777564,0.579986099740201
-4.81686844901055,-1.11470998976395
-6.27160092063098,-0.954644563164833
-4.88939012335793,0.770230389745712
-4.59555446970949,1.04977596220394
-1.98374409394158,0.764281409911397
-5.16977401613285,0.885169217657638
-2.46213123296268,1.51798637768713
-4.85865156183785,-0.942841280575932
-4.48362339553813,1.00741041090716
-5.72476182465209,1.05887469859358
-4.59964650850296,-0.269759901131769
-2.62868652448125,0.709280647822205
-4.2429076527968,-0.958970708900911
-4.3663906178617,-0.87313748629434
-3.0174335034002,0.111249419420242
-5.80027347457005,1.04824106772046
-4.49572628152143,0.870280279420333
-5.16009605469353,0.879898291828465
-4.33135715841195,0.195535377086582
-2.65816644029332,0.640491711244679
-3.05411297686425,0.0543808930670543
-4.2716292451506,-0.886439955627062
-4.50530184294398,1.00419098075508
-2.16350712259669,0.841962445223497
-4.3083295147588,-0.890528207493004
-4.28859442953198,-0.906167824523253
-5.29731679236038,0.88001376562633
-4.51756783201502,0.971189302182926
-4.33539630995643,-0.896339206390263
-3.0018169832257,0.041011056184468
-4.29763179054388,-0.930320833574955
-2.28835878757024,1.55817706762489
-3.02970516847367,0.158078668122971
-2.58454859731768,0.675437466803334
-4.45269841614946,0.129132838765674
-4.84631665952907,-1.13558099683937
-4.32319219502371,-0.91468483037071
-4.3025870755617,-0.8856291999103
-2.3292580864119,1.52247944893723
-3.64319392001074,0.274861940992441
-2.50243887487739,1.60595970978852
-2.06102566351017,0.810785228028431
-4.60428545440588,-0.773045690600888
-6.82544952089231,-1.01910354426813
-2.33223041460749,1.51946416054894
-4.51485915476916,-0.579159852714105
-3.66651919424172,0.253334221333354
-3.03488054784008,0.108281012003675
-2.96243813797786,0.106169251120653
-2.04756556002326,0.752353857285528
-4.68814881415654,-0.0188700754985759
-4.35782171949224,-0.866755431380803
-3.31835540733021,0.447826772178752
-4.51058289225757,-0.579655838302905
-2.98049773685542,0.0952719513890715
-2.74275281188172,0.84398374408136
-3.66657334281541,0.280578498172896
-3.43438793439483,0.363403011697502
-2.65414746722028,0.651993981017894
-6.65934324735874,-1.18969668915032
-4.88657364728072,-1.16080408415196
-3.02257609095888,0.200810074013336
-3.92799730941285,0.29473303825071
-4.49896381820414,0.996723625984419
-5.4614218484272,-0.282207848845373
-5.96614067370719,-0.563853066224878
-4.60456189730282,-0.334635715796824
-4.02275439001921,0.268071267163965
-3.01479807317855,0.561507487748185
-2.64902902547594,0.664802606259461
-2.98064105428958,0.581277576805495
-3.0025458255257,1.60412305025051
-3.33231137830197,0.428758146168592
-4.87886546293147,-1.03417741358787
-6.23591833125826,-1.04935603153581
-4.49442096146944,1.05568501615265
-6.9127634763959,-0.964467694327373
-4.60879238884123,0.998354090661874
-4.81639633036679,0.74103472523368
-2.65415153963873,0.844636284800008
-2.05132063271118,0.713579639618493
-1.98976113601984,0.748392590145725
-5.63254293525806,-0.323587019604384
-2.59547637738497,0.604156895290037
-2.01901896121546,0.716152327729865
-2.65309121390486,0.665221129064463
-5.78025827759106,1.04624364203347
-2.66860349309334,0.704401241327699
-4.2834921589,0.196786820733386
-2.59710144503428,0.616271912488946
-2.28642245540434,0.849585385599599
-2.03925360405372,0.838639239903375
-1.97151581309875,0.772118035891575
-2.38501517961881,1.54246432654159
-2.57737867399111,0.65495172416825
-4.90127992421296,-1.0239639169878
-2.50782149604073,1.57326658335919
-4.57135136805047,1.04980412011498
-5.74131568003103,1.01562361577485
-4.60113527155418,-0.0129895483685234
-4.92255863547868,-0.993255214026461
-6.30549733959661,-0.810280329142656
-6.8061400291426,-0.994166146371944
-5.12318681664272,-0.124339180885724
-2.74682974172027,0.926711220631225
-2.52204190345725,0.852754116659456
-5.69612506600621,1.00491147533771
-4.70592620107236,-0.917465728805357
-2.05485851835617,0.816538646925453
-4.88831087042719,-1.02246566737464
-2.61337481629004,0.667539666541157
-5.73360620596728,1.01498533631609
-2.05266721358345,0.789414032252764
-4.81898809710153,-1.10018018656264
-5.45400432060436,0.96232842170269
-4.92716140046984,-1.06261197225126
-5.24873828628129,-0.169936980680951
-6.76111847836001,-1.08967787549439
-2.56268730199533,0.645346890054569
-4.89152606623969,-1.13302978958622
-4.60663041016968,-0.0441167622385605
-2.54272456079176,1.72419402403018
-2.40127994700673,1.56771408218137
-2.47694881297821,1.53039973820212
-4.27958023158861,-0.884260071261801
-5.2472580503696,-0.177133361539873
-2.50291482403713,0.87123907021227
-2.6594047192574,0.672678154499811
-4.86486167276756,-1.21189933362171
-2.42086081056483,1.60945770690829
-2.71387789745934,0.843128182878183
-2.3523754945707,1.56147856167311
-6.12466495418806,-0.64878241461227
-2.44204398790131,1.60426123854434
-3.66516520955483,0.281470224791771
-4.28800903674674,0.620294155104359
-4.34291685045965,0.177361309520479
-3.63382641411999,0.231598713576979
-5.00927202873624,0.841049328462946
-4.29900943381113,0.351834103521194
-4.29338216294062,0.2556075268162
-5.69163331809731,1.01681252079688
-4.55045862257251,-0.516984508485476
-4.35599699572179,0.554941253240568
-4.53752484043357,0.930237285271255
-2.40922577616126,1.6375381984036
-6.88355978603314,-1.2188706870375
-4.86967922267488,-1.14583954861963
-2.57190187285477,0.633245583196421
-4.30380180085268,-0.89103816451279
-2.69586937967571,0.698137507607899
-5.63645086874819,-0.346184541178616
-6.7927207872559,-1.1060273830149
-6.68595237484093,-0.845078428820534
-6.88294464341446,-1.00380407815887
-2.4936299379048,0.86676259679937
-4.62386457403464,-0.213218673096653
-4.57274522889681,-0.0967548729457739
-2.85636313585725,1.4535486457323
-4.32709092936588,-0.9356458074862
-4.56188184923494,-0.344193648517789
-4.52635012849215,1.07105105120832
-4.58757420057684,-0.25960947089032
-5.44042913478931,-0.283217767176865
-2.60903354512665,0.687337833116408
-5.64614696836073,0.998798656475234
-5.84129748449591,-0.462150942988815
-4.26690156930238,0.236586325921388
-3.90096850250723,0.307691940044699
-3.65702022985395,0.279081572790955
-5.00776184543819,0.826611935341197
-6.15290272333885,-0.66767687861542
-4.60843613437205,-0.296349941751731
-4.79353532489135,-0.965062360564655
-2.91896355249583,1.65593689226287
-4.93318207082731,-1.09486055948902
-4.80407634341067,-1.17535622246888
-6.7947734729286,-1.06151679451361
-6.23579257314055,-1.06115969325448
-2.06757787011839,0.802212745068136
-2.1047563396709,0.826028713948064
-5.67670248662836,1.08164801304946
-2.98537220447082,1.57048950713325
-4.71908531160485,-0.941505211184569
-6.12328815400523,-0.550903504026248
-4.29782887608536,0.624876741735831
-4.59511435515896,-0.0303559902228333
-4.29705590890631,0.596425203453243
-6.69621654833607,-1.12335781440264
-6.91983183348622,-1.18094800395994
-4.27632223594382,0.571885283088447
-3.25353842206853,0.450850985937542
-4.55537521608412,1.04007051432077
-4.80697821011382,-0.0728763962052463
-5.70159288473155,1.10862372423129
-6.84247404066995,-1.09111965538092
-2.50869375489827,1.60017463085626
-5.66594721802001,1.05107883609211
-4.32569502888601,-0.904571563661931
-4.08035760576338,0.253621275102961
-6.01845335178648,-0.512144885021766
-5.13034265755158,-0.145449405093461
-4.54996579645778,0.03810669320152
-6.15251834287454,-0.625749037313743
-4.29511119692224,0.623364117377134
-2.42262850241731,1.55763446838031
-2.44484266326382,1.57815181038625
-4.55803313700705,0.712949495208179
-6.88917346957548,-0.934368790518161
-4.91409848072359,-1.07785036410633
-2.88894835257473,1.58917400742368
-5.66439477093476,0.978867255269295
-4.62002632153674,-0.0515755847083019
-4.97067971106729,0.770339919585576
-3.47432935264865,0.372949264495766
-3.11411773951392,0.327174884277297
-2.51928385249352,1.55134062170201
-2.14951057912879,0.852467435914496
-3.27338380641307,0.454564426164841
-2.45670513763234,1.58244447735976
-2.44548570002289,1.68752841242181
-2.46156127404933,1.62865067246278
-4.24117103972006,-0.906785993112655
-3.0196057786753,0.175808254760299
-5.94477659301945,-0.540076633943884
-4.88781915552888,-1.00581119726155
-2.96941232960316,0.083195442260981
-5.11799225800405,0.827816436832567
-5.74856997004783,0.985621530001739
-5.65706044942615,1.04441605205811
-6.0798451429412,-0.56104408519087
-6.08517443186187,-0.508019362873338
-6.90800194724475,-0.925054202365699
-5.72357614797061,1.21327304063751
-6.04860219389467,-0.651044673319635
-3.2493035143208,0.440509057833876
-2.65452789352676,0.678864255576138
-3.05788596794334,0.0840396291120782
-4.51567634629126,1.05889077295028
-4.56444921586195,-0.604187442680478
-4.51108050455406,1.03303783665766
-4.86057853595355,-1.07070045442958
-4.60392548740992,1.00967845210432
-4.36351365837954,-0.866612335969013
-5.07175238330317,0.820223828044621
-5.77211802096905,0.997534166488956
-4.55417965914347,-0.721918174622168
-5.7328277519899,0.978022592657247
-2.94175251302839,1.44913586428075
-4.52449741370666,0.98434352006479
-3.66707433341623,0.224622074239712
-4.2850685249943,-0.939300245341
-4.56538684826502,-0.598064160293111
-5.81396523403439,-0.463409903769439
-3.37064500448071,0.408860228323119
-4.77408993220029,-1.06657255355819
-2.11774834643659,0.822939336141637
-4.90666924705409,-1.05960268800405
-5.77592714435932,1.0168884545033
-2.42007999921713,1.67783567955256
-4.59638594565473,1.01496046971846
-4.27420093884116,-0.919717710661355
-4.79861545087577,0.748299328802674
-4.33241300647311,0.573713370602543
-4.61547698796154,0.994359368026357
-6.71716385659332,-1.0808195677028
-3.67811896752739,0.317520081474253
-2.12567154131279,0.84035949633394
-3.63525783045576,0.236340456663752
-4.26840175675386,-0.898892203592364
-5.72294717047144,1.0889194735071
-4.5984795923731,-0.017588711566343
-4.26929885537378,-0.978546240960556
-2.83339717121928,1.42593122905274
-3.53061013908077,0.322601276188314
-2.98871052499067,0.131974824117146
-2.87020649714276,1.48780972119322
-3.64847375070119,0.21967234744923
-4.87557098991834,-1.02180813028821
-4.85840055871673,-1.02148512192301
-4.48905522620934,1.02284853532297
-2.918393634852,0.61460719769005
-4.53008650522253,1.06560785411199
-4.23828419339296,-0.927532130091124
-3.63099372501069,0.257754111159059
-4.49540385368271,-0.621473645319999
-6.71128289944233,-1.07756229676472
-4.05942231310491,0.252558209713517
-4.40131737427622,0.136420837299196
-5.12582555709332,0.86412880850123
-5.74909531000643,1.05853383191305
-5.78586686021455,1.01146662265531
-5.269018549333,-0.148390665053568
-3.04126721980076,0.10402826791389
-4.52544682595361,-0.561344676922427
-3.8443323697187,0.312098398426199
-2.38616468871245,1.51839411129978
-2.14363464733734,0.858889904121612
-2.60255958611649,1.38894219394396
-6.80563376240612,-1.11668590532718
-4.48381098036945,-0.635045501121321
-4.27735331008094,-0.905968047873145
-6.96493744330472,-0.900818946423069
-4.53472472518787,0.754405596176403
-4.26388431858943,0.365462791031555
-4.34278242484229,0.17516898066013
-2.6349551662211,0.695567358771666
-4.29380434859291,0.586272373673729
-4.46284012215743,0.0860208979668017
-4.95463599361825,-0.0873943265060373
-2.7237237244618,1.20085979040573
-4.88577715739523,-1.0978497516063
-1.98494112441155,0.76148936420542
-4.37642454257696,0.550098531648253
-5.73921016406252,1.08803333647025
-6.1891903091325,-0.726185499030636
-5.72970365666745,1.13661366038415
-6.26580142292846,-0.608575055914268
-4.24071151308868,-0.921066445882379
-3.90752433697105,0.28466572707718
-4.51712281093053,1.02098264495067
-3.66513893179147,0.221284428881732
-4.33007897585584,0.568426520406956
-2.02565762562257,0.846457527610754
-6.95807358477308,-1.00880088476706
-5.80142449814915,-0.445495001482257
-4.75692659354568,-0.0612871158645996
-2.98101724670574,0.0577966932285534
-2.16103283301708,0.862947420466835
-2.65037895008981,0.706996889191991
-2.4799951797124,1.51034332938462
-4.01813742320196,0.269178319042086
-2.59982336745556,0.676754259380183
-4.54102147171971,0.845508187687428
-2.58518525264355,0.596132731320705
-5.77279654486781,1.02651196487271
-6.67991337926557,-0.946932793227793
-6.47016201611818,-0.895619342788892
-6.24456854345225,-1.03974807759669
-4.91715534569039,-1.09968512517596
-2.84146667512973,1.34930178269885
-2.8423142174111,1.32223800118488
-4.29492882137267,-0.958847094817197
-4.34154471622207,0.556673153090975
-4.3013693640565,0.64766706301848
-4.3981093652714,0.139789333176583
-2.86336855113943,1.37990681306382
-2.42521829086548,1.55502911518937
-4.41565922662863,0.133316754059466
-4.50627399280414,-0.613027319904614
-3.02341237691597,0.185610069421985
-3.04959373259688,0.0869768863191865
-2.03529640666792,0.722319932720662
-4.29528427239109,-0.924151170237689
-5.40668918231464,0.942361817809669
-2.48393814622745,1.5459203440941
-3.64828682063249,0.211762405765005
-6.74631221245653,-1.12036953616597
-2.94939226463235,0.611206764644286
-4.56100915187231,-0.513835292780105
-2.86200937456621,1.36150625461505
-2.30679212696046,0.870976743714019
-6.69651396048825,-0.890987485406861
-4.49313049287098,-0.609972094234485
-5.77827097457568,1.05978368365412
-6.29303441201388,-0.914401639972706
-2.54083954051133,0.583861046431119
-3.65865487570828,0.290378688479924
-4.81566272798657,-0.987040009420464
-4.27951672274757,-1.0023741192282
-6.24427842563471,-1.04794102097702
-4.56120393505466,-0.42739126902203
-4.72801143926321,-0.971556400404633
-4.53822317207192,0.858722786568688
-3.63846625175682,0.2368190438389
-4.43075888262177,-0.739014363436477
-2.7199014488076,1.09834278109209
-4.68051926390407,0.00540912314133046
-4.3364793404213,0.562813599914004
-3.66287079891668,0.30563456815151
-6.27649234799506,-0.741013491619515
-2.52709594193902,1.54814206583689
-4.30268200146156,0.62334525410276
-6.69602828308919,-0.943902581060392
-4.80740444991111,0.729049278645539
-6.88186167814141,-0.970861638448016
-4.9112761371843,-1.07924619822793
-2.67524232724689,0.657137608187199
-2.13938472976723,0.843267624473216
-6.8055831854177,-1.15828306706956
-5.6990907536933,-0.371354711329606
-4.75597459266184,-0.927630099935471
-4.52343082393618,1.06976568896432
-5.09116059385898,-0.11096860650117
-6.16623599598719,-0.746267005283497
-4.74178674816516,-0.0340676346788695
-2.13516096287936,0.877540963208517
-2.93890891297539,1.51351770752989
-5.42772346164179,0.932491741231196
-2.43207730834251,1.57226535481221
-2.89202327928878,1.45817327768181
-5.8066078758702,1.07663027432272
-4.5307204422198,-0.408894182213815
-5.69900170092013,0.980975576253129
-2.11715370077567,0.81465919548672
-2.88956072014106,1.56898414200065
-2.47671749898981,1.64714646721064
-5.65224592229436,1.22607728390436
-3.86979490658916,0.314353395993325
-4.24366649030205,-0.90051728639388
-3.0529117874961,0.22745478265276
-5.12465206050773,-0.129313117588825
-4.51550507481875,1.03386079036464
-2.50496048455031,1.56046268241672
-6.02407347588731,-0.481729325599478
-4.27217360761831,-0.967724391471845
-4.91952099506736,-0.0910089354467406
-4.48238196268213,1.00041156318199
-4.42115874874596,-0.790148005382395
-2.96769918232725,0.136703790205197
-5.36381942605679,0.928863881856231
-2.86034163535524,1.42155001294683
-3.12808526346158,0.330615742882038
-4.36251205987908,0.545262678357476
-4.52104823676992,1.04375297736756
-5.75307751663605,0.990733864264751
-4.61650725221858,1.04555353817686
-3.67094763257805,0.253871586550156
-4.99189199835702,-0.100358714822745
-4.89252619451752,-0.965020281322964
-2.44166377486814,0.853708683572617
-3.97516289159477,0.290840632613387
-6.52096769402418,-0.905857549309907
-4.68471962222396,0.695019716806836
-3.63066445732255,0.28872967668374
-4.33608387797561,0.209934328382685
-4.90948125806261,-1.06264575456248
-4.55735358000898,1.018644096139
-3.04135739101393,0.0960907799771503
-5.7124878050658,0.963779209915888
-5.88826097395331,-0.515922948680611
-4.30978871345777,0.328066492235202
-4.33415082764652,-0.903125920710484
-5.67975310333128,1.0479120016764
-5.8519274980953,1.2204104158607
-3.52130731616408,0.367329606069728
-4.93737212738751,-1.09111179762155
-5.48868180218127,0.989541976316136
-2.39027695412606,1.583852040919
-4.87783412078549,-1.09211663249796
-4.84157957940258,-1.08383869251678
-5.06267994538946,-0.124953217623672
-2.94039474886543,0.00200496504360304
-2.03388595016574,0.825981714270158
-4.49912189675309,0.918815563305103
-5.79682859925515,1.05222929219702
-4.3098539247127,0.590247822310708
-2.87619937794746,1.46692520865274
-2.62572654079538,0.669033332731469
-4.3045741039506,-0.884013149418839
-2.10893697044558,0.867070553734396
-4.78248487006565,-1.20164580115367
-5.32515726444318,-0.239082088722614
-4.86830815825347,-0.991145587095699
-4.53862760456202,1.02096455439199
-5.1179026622667,0.826657831169345
-3.00185033484744,0.0786790027027648
-2.67605537808893,0.682770545465502
-4.59241075101892,-0.0634747053220258
-2.49144497126169,1.52607414603192
-4.92020597443856,0.801622059882402
-3.44679816540581,0.419483803742828
-4.26094615812095,-0.938699886979731
-6.90427062569012,-0.877099430204851
-5.84161593041664,1.05846612045227
-4.24636520623064,-0.927630654076758
-2.86310896414995,1.4504303686792
-4.61483954968327,1.0355509095968
-4.32559095405197,0.205111540634563
-4.52513176845717,-0.463518057062342
-4.93754413217896,0.790227128587231
-6.09704987542288,-0.592014674458252
-4.80754544008987,-0.881185587750912
-4.99257394156503,0.826730115782826
-6.27586545066225,-0.924793023330836
-6.73866070060305,-1.13772766066729
-4.88637183218702,-1.07004357945897
-4.58756352925766,-0.0146357764621847
-4.2112668056505,-0.950289786690118
-6.25913477588502,-1.02086112809625
-6.24526780344653,-0.767077022733402
-5.7168595541786,0.954686764999463
-4.91517248365789,-0.991174486503222
-6.82654187109731,-1.10254932271625
-6.25958896003387,-1.10926683835222
-4.58494461348927,-0.0498661590232969
-4.54626117206899,1.03511993217177
-6.1727476418481,-0.664148312395457
-4.51201418752867,-0.417789575093084
-3.01060155676721,0.06246196161768
-4.86843332322855,0.747881743314846
-2.64715881540585,0.63908705714151
-4.59372093233667,-0.14733275758936
-4.85238141035205,-1.06852860007797
-4.30368772232862,-0.937476388314107
-6.6709893790843,-1.14057115898036
-4.26089318907034,-1.0366002658276
-6.86045848398868,-1.03295041082073
-4.2399012500705,-0.925263141985518
-6.41362269250177,-0.678421792551751
-2.25596415654928,0.853042073489233
-4.29568964266636,0.611447784225105
-4.5602514226159,-0.583754068619068
-4.48454784618505,0.107176795539514
-6.27084335049352,-1.03225988873406
-2.41045698857707,1.57443568450013
-4.12204398953182,0.272215926499231
-5.12123195561754,0.822426628326085
-6.64287765554691,-1.05407913619748
-5.77296326577639,1.0260284681427
-5.26516963627498,-0.214238254980931
-3.10995112918231,0.315410584550583
-2.33009473857292,1.55699674936349
-2.76034734200119,1.21140785535728
-6.2848584097028,-0.987743926220844
-5.25503542235782,0.886303505755606
-6.79279887479034,-1.29169285233079
-4.80576268944278,-1.14790868621836
-6.26054740180244,-0.997706090054004
-5.88934710315287,1.05142274428716
-5.73408002838901,1.03088218297066
-2.45534178319343,1.56877530433442
-2.60729116447933,0.597429902525753
-5.49376843110753,0.987309734060081
-5.57378444749349,-0.309744945723668
-4.5058560003278,0.974115866892333
-6.27115830848251,-0.99519826150001
-6.87958229044222,-1.02196208142759
-3.97566900083782,0.259172381859618
-2.33942789220501,1.5453290771762
-4.54396967821093,0.984178369762006
-4.25329958520886,-0.885315805359224
-3.94014635649489,0.268367698297232
-2.4009097771736,1.5639122526557
-5.6219561052672,-0.319079432891294
-4.60477773078364,0.0123864886498266
-3.6534267164405,0.264718727323075
-4.54740968970368,0.843108361447121
-4.74508448947181,-1.06695280126254
-2.85944706179661,1.47600047693291
-4.9119408465694,-0.983900664882659
-4.83066249404152,-0.902706593892421
-4.64328404145203,-0.845281119549153
-4.62321044452121,1.01196760967741
-4.03481875167601,0.292099492085969
-5.69836187404083,0.995974991615369
-6.086176589133,-0.585932764360655
-2.82895558004689,1.42062296156872
-4.58010167878953,1.06100978682671
-4.55594179596986,0.973981416631156
-6.27495916385636,-0.938444866838531
-6.26717097429535,-0.937037956597622
-5.68784019342585,-0.351653971242145
-4.88963816469622,-1.0427091254169
-2.76366657882839,1.14457508019916
-5.69807632682853,1.16853404073938
-2.87426399469653,0.660490421823001
-5.44155260924429,0.931577672945024
-6.29617238148309,-0.954161709228546
-4.85314741404591,-1.02945191123508
-5.76791301230462,1.04715590219728
-4.55215873780197,-0.716795890738912
-4.60150881310003,1.07777837418163
-2.47161564695629,1.56020128881994
-4.75534452320987,-0.921602073390395
-3.25805275932096,0.464443153575548
-4.93767414993178,-1.11265943388233
-6.27398896886597,-0.992591949616309
-5.71769867156179,1.04139675697911
-5.74150852587408,1.14093256117602
-2.15618422312177,0.82284289614888
-4.83670308185282,-1.16102942374565
-6.29817156010113,-0.980478453746214
-6.71808247311473,-1.06317783858879
-2.85405306087977,1.39049103262829
-4.19893393908183,0.268514313128964
-4.60652345717652,0.00235135561136757
-2.93975920426887,1.44624923424532
-3.01058335144559,0.176755848840335
-4.89414285233978,-1.12613880032759
-4.85985254837866,-1.08616089131301
-6.78457905593693,-1.07765969718911
-4.88645505626505,-0.982181890351101
-4.6090845502894,-0.13029321130312
-4.3408811378787,0.586267590975879
-2.71907441501257,1.05606226720609
-6.28429783723339,-0.816757973076186
-4.35662727239057,0.551171051737502
-5.49424039424364,-0.29483460610395
-5.68872693638516,0.97689812805692
-3.65019281389187,0.265737520293496
-5.70293620984406,1.10346922291954
-6.101824273543,-0.495603363538723
-5.72918446110673,0.939539179943553
-2.51251020665304,1.63785114996242
-4.53929872063762,1.00749187938458
-4.87840516962515,-1.06135136953766
-6.77764333923686,-1.13940577401581
-4.87502934958957,-1.02617390084843
-3.04208936789302,0.217011598728607
-4.55240214871506,1.03098204291284
-2.977545229605,1.53898586796254
-4.52772060928547,0.874807501261811
-6.83669750896725,-1.22770728610388
-4.90196932427385,-1.01896579543137
-4.60366084118423,-0.26605784041973
-3.63285243340429,0.236713281134943
-4.89918677968838,-1.02555891245651
-2.52027923065524,1.53522729756606
-5.77384950032305,1.05583952052052
-2.76886339856233,1.2450374006148
-4.28937740275444,-0.950800473037111
-4.24064318335707,-0.949240689449679
-4.33567637396501,0.575595455592522
-3.30720068528683,0.429816660002937
-4.56989205579383,-0.719964310645286
-4.87292952291973,0.728636467751965
-6.77960279226185,-1.08080096546997
-4.605313991252,1.10075443350831
-6.05653143354242,-0.669506700874623
-4.88906708372647,-1.14317599476567
-2.63845959995495,0.694197363689426
-4.48968847191612,-0.587132785896762
-6.71340790983968,-1.10017485788098
-5.60000709845298,-0.327016298622098
-4.5856917778748,-0.0727366003576602
-4.55362298678638,-0.242698335046899
-6.19895339315524,-0.745457630840125
-6.02208341813913,-0.542304293530352
-2.99780067405662,0.0856286188557671
-5.70160436473613,0.952459085096707
-5.55352153888025,-0.286737484672943
-4.50416491818763,1.01880398417495
-2.65249561727593,0.621293453899948
-3.65469586482709,0.296775815820845
-4.37934654198268,0.554257963128356
-2.74621475568985,1.06809864734896
-4.85198062620701,-1.11883424122464
-6.29718351364479,-0.955027000006749
-3.37077527705958,0.427370368262734
-6.07048641985648,-0.647516940668774
-4.32926785526195,-0.926285892016002
-4.66013098293151,-0.876181136777295
-6.94651184439467,-0.859661055440582
-5.57776723736821,1.02973147688883
-2.78801706528743,1.27042693264028
-4.31160630474743,-0.926656423617861
-5.44017113294669,0.935753095437083
-2.48891189028339,1.51388677713792
-6.83878834639091,-1.15919716929536
-4.32394754584573,0.566956186257695
-5.7820429036062,1.01898707366811
-4.48126357322673,0.078638087747228
-4.50112310563917,0.975411244703447
-3.66458125519617,0.297303736398973
-6.65707921161252,-1.15050536321756
-6.89648505304155,-0.971150435228521
-3.30030738533571,0.446238288688873
-4.88229261199805,-1.09744183427507
-4.93897104626612,-0.0829248489802552
-6.78557662231334,-1.19723759442449
-4.89055565356333,-0.99819429221211
-3.49286588032782,0.348363650395371
-3.63883810741163,0.256574157520948
-4.54837873610335,0.937333148999437
-5.98105907924624,-0.616427946008111
-2.85924827163307,1.37206790768245
-2.90130775418343,1.43016417073316
-2.90359875371365,0.648818673024315
-5.96722630046888,-0.537069098203259
-6.38015536665985,-0.701508038539856
-6.8432043707106,-1.05010476927065
-4.56855416642518,0.982419478969664
-5.54569298227226,1.04698244551371
-2.08452512016932,0.86199953610411
-4.57341424342463,-0.342868731321858
-5.75513770666022,1.02220160290439
-2.50243332559234,1.54571930089135
-2.12932984232919,0.840811631044118
-4.63131688535905,-0.166014024023398
-4.68148738843746,0.689014565269277
-4.53452122769175,-0.537096842056534
-6.2186437213923,-0.636341910412439
-5.91291654622737,-0.482689094591355
-4.5863882985303,-0.122438997412868
-5.87682391396297,1.11374227370019
-4.89512160188688,-1.01746464567896
-4.27241483674916,-0.887248910983269
-4.54475396744892,-0.714295413704048
-4.56816074894506,0.966432749206555
-5.76948905617983,-0.406359392696935
-5.74726399903682,1.02128461861932
-3.26478178305541,0.440251630244221
-3.6297725899445,0.228871735444836
-4.29372793722121,-0.928494435920377
-6.22252672199079,-0.531249071928526
-3.01773921655681,0.0952553258653546
-6.90128538991545,-1.03431131033628
-4.57590460354159,-0.585669841137752
-4.85012114101866,-1.0556166914853
-4.37809805805718,0.553130434566647
-5.70909877521278,0.99293313456599
-4.26416201158358,-0.872157544873333
-6.27178247867568,-0.955554869258528
-3.01277739652871,0.0614461016345754
-2.90169225359582,1.4158125144515
-6.12715867241746,-0.699533926802907
-7.14066102320495,-0.903203363089797
-4.25020776705319,-0.908659023335784
-4.82843625371346,-0.888862484304298
-2.41896723994512,1.60220804732124
-3.01387177607156,0.171096625853066
-4.28571075670316,0.328615079894657
-2.62174300445081,0.715806107641696
-4.35038676486946,-0.864307460815709
-3.64548935844686,0.24431253681337
-4.62744119480553,-0.169803290949081
-5.06491835910851,0.829698234528297
-4.82963810284943,-1.11873733200247
-5.89521035347795,-0.492600809418892
-6.6754470671402,-1.08090908020364
-5.6907549902744,1.0391293222503
-4.63447561091163,1.05730167181071
-4.30443955327476,0.621267589968675
-2.39725068957805,1.61547620175672
-4.50970688132536,0.912528456694584
-4.48867764466582,0.952128672471641
-4.54233702580476,1.02504064573242
-2.57291417867764,0.659704312026453
-3.05945845319188,0.266537942983502
-4.98111640147196,0.823641885518507
-2.90986822409716,1.46911658860721
-2.10813457825278,0.811050465724766
-2.56134635822844,0.631541250934625
-5.11489611277298,-0.136452715737174
-4.30942677963296,0.592361497232415
-4.30265588959902,0.592523969839798
-5.77532891610769,1.08936351684305
-6.1371255983136,-0.595315236537595
-2.5087344041748,1.68419855979795
-3.08273041377903,0.282402931711142
-2.17178599134404,0.888060711426976
-2.95679483021905,0.63437721162319
-2.52514639256499,1.56318714599687
-4.84129188038815,-1.09709988624355
-4.59670190142682,-0.282587537110051
-5.37313038807731,-0.246701599789943
-2.99616518968571,0.133849986240006
-6.15935282686341,-0.728391027023189
-5.80983632719991,1.05147836917827
-6.87064809259437,-1.09871676609369
-4.58247731726233,-0.137007751813836
-3.66699745343232,0.322865891409945
-5.2019353701234,-0.169394365046793
-2.2687232388515,1.55261627991388
-6.66919475933566,-1.18671323862705
-4.32434496170841,-0.939236123266066
-4.93036578244175,0.76282833237632
-2.58571206908849,0.600779742651784
-4.50870385144307,0.850207415656808
-2.74977864165854,0.886645463283938
-2.6279950802327,0.700107510520005
-4.53668094273791,-0.58243014465211
-4.90284989463487,-1.15736061228489
-4.91580459175891,-1.02915556055425
-4.78847225243348,-0.0805721028258697
-2.17709667912618,0.870178772793158
-6.88739018118689,-1.06819514970761
-4.92472990570657,0.755502518048294
-6.15918610476009,-0.743576082043218
-4.5150145227464,-0.709363049989297
-4.30931626262799,-0.913379938475765
-4.91835100405441,-0.980271581804593
-4.53511342197817,-0.671277266038696
-4.90062517576041,-1.03182917717174
-4.29917131578916,0.63396258294325
-6.67308186969609,-0.962530104073264
-6.68060781433745,-1.02672144648183
-4.59745388931568,0.012525256350869
-4.2500340236771,-0.922642067781119
-3.6350325838113,0.259033608318641
-4.37026741171589,0.540101154410587
-6.2764345472182,-0.96751680648186
-4.36237432608744,0.548841323346201
-2.70672268900763,0.850429726971491
-3.24451978579803,0.449522543868779
-4.25770665191373,0.259362029736912
-2.87782846514427,0.694396228733495
-4.87565361271413,-1.07026456680604
-2.99907101603171,0.166501275067802
-2.43501926229924,1.56904425079138
-2.48963016728788,1.57595869607344
-3.49681621898562,0.368773593516319
-5.72629889757211,1.05396924445273
-6.23171801402689,-0.684902830643155
-4.76213401659444,-0.970950814766109
-5.09502030543609,0.851287604619495
-4.89593059874541,-1.04827217331285
-2.73401521700704,0.727213058273543
-6.24875752773651,-1.03904707892742
-4.58569720366845,-0.557936815300563
-5.69972000480369,1.14172622168812
-4.57027056612162,-0.261496581028505
-6.78447150253266,-1.38208884667326
-4.28336294097703,-0.958553885244711
-2.51023576792436,1.57866760132501
-6.29803790723455,-0.917295876975844
-6.09653845295134,-0.633382917855531
-5.85601361154948,-0.495175852257199
-4.52204038543144,1.0137629519201
-5.83016638951531,1.08417135136217
-3.86117098348659,0.291274899416103
-4.57741565564808,1.09425369829133
-4.55775832845222,0.636227039315749
-2.49713764724304,1.60797072259905
-4.48596214475966,1.06263358722331
-2.20188227387314,0.845606343889925
-2.1197672698201,0.832143616462822
-5.27620999825188,-0.173641226848646
-4.27730579685163,-0.900598882544263
-4.84883125337037,-1.19726534550374
-6.21393565678543,-1.04802750429745
-3.88191380668385,0.284420299671572
-6.27965883363749,-0.939975076749332
-4.29626715197079,-0.957950221918263
-6.21955048775672,-1.04602441627598
-5.50146902437084,0.97361640842488
-6.15166953947525,-0.671755481759033
-4.88116447862531,-0.083999148995807
-4.55025425184391,0.0304059078473241
-3.49578709391219,0.360622361127887
-2.12076555095423,0.830216940766242
-4.58655320665445,-0.136954333119741
-6.07269348587192,-0.556694571975681
-2.97371870733249,0.0717634220804886
